symbol,threshold,stop_loss_pct,is_ret,oos_ret,is_trades,oos_trades
600519,0.1,0.0,-1.7358142349999994,-0.05674890000000321,63,37
600519,0.1,0.03,-1.582195604999992,-0.18442334000000615,67,44
600519,0.1,0.05,-1.7468459250000068,-0.8587266649999981,65,41
600519,0.1,0.08,-1.7358142349999994,-0.16660929000000824,63,37
600519,0.1,0.1,-1.7358142349999994,-0.16660929000000824,63,37
600519,0.2,0.0,-4.4620530849999955,-1.194248369999995,32,17
600519,0.2,0.03,-3.511765425000002,-1.287502670000007,43,21
600519,0.2,0.05,-3.297282054999995,-1.886365744999996,41,21
600519,0.2,0.08,-3.385770534999999,-1.194248369999995,39,17
600519,0.2,0.1,-3.3406980600000025,-1.194248369999995,39,17
600519,0.3,0.0,0.6817031850000044,-1.1697781249999983,12,13
600519,0.3,0.03,-0.9110774649999986,-1.5867793299999988,17,16
600519,0.3,0.05,-1.0607950749999984,-1.9993216250000057,17,13
600519,0.3,0.08,-1.4805640750000015,-1.1697781249999983,17,13
600519,0.3,0.1,-2.340490854999988,-1.1697781249999983,17,13
600519,0.4,0.0,0.20841274000000798,-1.5947589299999954,4,7
600519,0.4,0.03,0.20841274000000798,-2.083390034999999,4,7
600519,0.4,0.05,0.20841274000000798,-2.4243024299999916,4,7
600519,0.4,0.08,0.20841274000000798,-1.5947589299999954,4,7
600519,0.4,0.1,0.20841274000000798,-1.5947589299999954,4,7
600519,0.5,0.0,-2.09015238000001,-2.0147570000000004,1,2
600519,0.5,0.03,-0.42568013999999543,-0.6454105550000033,2,2
600519,0.5,0.05,-0.7420060650000004,-0.7644450500000066,2,2
600519,0.5,0.08,-1.3917485100000015,-1.2631705999999965,2,2
600519,0.5,0.1,-1.5415660649999996,-1.4312780899999988,2,2
000858,0.1,0.0,-0.2901363250000011,-0.17450837500000427,67,37
000858,0.1,0.03,-0.012568324999995273,-0.20732625499999546,74,41
000858,0.1,0.05,-0.0902606000000028,-0.1846113299999952,73,41
000858,0.1,0.08,-0.12062837999999854,-0.1846113299999952,71,41
000858,0.1,0.1,-0.07442539499999956,-0.181722044999999,69,39
000858,0.2,0.0,-0.1868556999999993,-0.13493172999999858,32,15
000858,0.2,0.03,-0.1569822900000073,-0.1624382250000056,42,19
000858,0.2,0.05,-0.2007054000000008,-0.13493172999999858,42,15
000858,0.2,0.08,-0.22667330000000208,-0.13493172999999858,38,15
000858,0.2,0.1,-0.14369055499999783,-0.13493172999999858,36,15
000858,0.3,0.0,0.20854218999999397,-0.1706078800000066,12,13
000858,0.3,0.03,0.0017415699999911993,-0.16682733999999755,16,16
000858,0.3,0.05,0.02204590499998993,-0.1706078800000066,14,13
000858,0.3,0.08,-0.01303479000001051,-0.1520181100000073,14,13
000858,0.3,0.1,-0.039420270000001256,-0.1520181100000073,14,13
000858,0.4,0.0,0.03586792999998867,-0.11621511500000681,4,4
000858,0.4,0.03,0.030770734999996385,-0.08851162999999884,4,8
000858,0.4,0.05,0.03586792999998867,-0.05081037499999885,4,6
000858,0.4,0.08,0.03586792999998867,-0.08968898000000225,4,6
000858,0.4,0.1,0.03586792999998867,-0.11357583500000157,4,6
000858,0.5,0.0,-0.0877849700000044,-0.43214296499999305,1,2
000858,0.5,0.03,-0.0570394149999931,-0.04505598000000832,2,2
000858,0.5,0.05,-0.0570394149999931,-0.060547455000004025,2,2
000858,0.5,0.08,-0.10061543499999548,-0.10782144000001104,2,2
000858,0.5,0.1,-0.12060443499999352,-0.13140845999999318,2,2
AAPL,0.1,0.0,0.19334897499998505,0.89929203500001,53,48
AAPL,0.1,0.03,0.13922642999999457,0.7542514600000105,60,52
AAPL,0.1,0.05,0.21804205500000062,0.7713787050000143,59,50
AAPL,0.1,0.08,0.2668269249999966,0.7713787050000143,53,50
AAPL,0.1,0.1,0.15316103500000455,0.7713787050000143,53,50
AAPL,0.2,0.0,-0.24205180000000937,0.5682637030000048,25,17
AAPL,0.2,0.03,-0.5179565440000089,0.45704707800000577,32,17
AAPL,0.2,0.05,-0.5890129900000041,0.5582667030000099,31,17
AAPL,0.2,0.08,-0.21321150999999983,0.5682637030000048,28,17
AAPL,0.2,0.1,-0.1685738499999978,0.5682637030000048,25,17
AAPL,0.3,0.0,-0.48254589999999764,0.08454656000000949,10,9
AAPL,0.3,0.03,-0.4178013950000059,-0.44739381000000744,14,9
AAPL,0.3,0.05,-0.5329602200000005,-0.11144462500000119,14,9
AAPL,0.3,0.08,-0.44358641999999726,0.08454656000000949,12,9
AAPL,0.3,0.1,-0.436760260000002,0.08454656000000949,12,9
AAPL,0.4,0.0,-0.0541560749999892,-0.23316143999999595,7,2
AAPL,0.4,0.03,-0.012999349999998078,-0.09320344000000036,9,2
AAPL,0.4,0.05,0.011576145000002924,-0.1430884700000079,11,2
AAPL,0.4,0.08,-0.14437781500000746,-0.2381599399999934,9,2
AAPL,0.4,0.1,-0.2380818050000011,-0.23316143999999595,9,2
AAPL,0.5,0.0,0.642954565000009,0.3744845699999999,4,1
AAPL,0.5,0.03,0.642954565000009,-0.09320344000000036,4,2
AAPL,0.5,0.05,0.6138632949999945,-0.1430884700000079,4,2
AAPL,0.5,0.08,0.5179920650000058,-0.2381599399999934,4,2
AAPL,0.5,0.1,0.5179920650000058,0.3744845699999999,4,1
MSFT,0.1,0.0,0.7802123300000074,0.27999089499999297,65,41
MSFT,0.1,0.03,0.9467772450000078,0.26126489500000183,79,49
MSFT,0.1,0.05,0.9727200199999952,0.44348973999999153,69,44
MSFT,0.1,0.08,1.012950130000001,0.2951660549999957,67,41
MSFT,0.1,0.1,0.6748303950000034,0.2461807550000028,67,41
MSFT,0.2,0.0,0.8294582700000053,0.5232455850000095,33,19
MSFT,0.2,0.03,0.1540986950000045,0.9066449350000116,42,23
MSFT,0.2,0.05,-0.025760534999996754,0.8662004050000061,36,21
MSFT,0.2,0.08,0.24465831500000146,0.5183470550000013,36,19
MSFT,0.2,0.1,0.10555005999999256,0.5183470550000013,36,19
MSFT,0.3,0.0,0.3878029000000005,0.7759080800000095,14,7
MSFT,0.3,0.03,0.4744768899999974,0.7506848350000039,14,17
MSFT,0.3,0.05,0.4209429549999921,0.6259650449999876,14,15
MSFT,0.3,0.08,0.3878029000000005,0.25161993500000257,14,13
MSFT,0.3,0.1,0.3878029000000005,0.2504125600000018,14,11
MSFT,0.4,0.0,1.147182899999999,1.3264993199999964,1,2
MSFT,0.4,0.03,0.7429007000000043,0.8996961100000034,3,6
MSFT,0.4,0.05,0.6477292600000073,0.7077962499999924,3,4
MSFT,0.4,0.08,0.5167685600000027,0.33890695000000637,3,4
MSFT,0.4,0.1,0.36131521000000166,0.33890695000000637,3,4
MSFT,0.5,0.0,0.6327286100000107,0.0,1,0
MSFT,0.5,0.03,0.6327286100000107,0.0,1,0
MSFT,0.5,0.05,0.6327286100000107,0.0,1,0
MSFT,0.5,0.08,0.6327286100000107,0.0,1,0
MSFT,0.5,0.1,0.6327286100000107,0.0,1,0
